0.6248920530417689,3.10555971096495
0.7619864030040329,2.633517624564204
0.7415364180993429,2.698488613245015
0.2119129985733516,3.577657996684164
0.2670557669086204,3.536272889718257
0.2808989550291541,3.22296236103664
0.9637036884050554,2.598231499815559
0.9721833201738938,2.587763874926788
0.03334824697241945,4.474302791558964
0.1038731521882132,4.125786313929287
0.00344875811694266,5.222426442325709
0.01094004428698785,4.64034748995721
0.043584091532981,4.238197269201648
0.15592478670363,3.851493103548588
0.03896495948598699,4.344955321802291
0.1840887484321025,3.774958724887043
0.06852905951640467,4.131647870372666
