3.3455095877825587e-05,0.81604852937685357,0.5810125863610327
9.7519033067871228e-06,0.95007476743306252,0.31747051867894938
0.71029301337413142,0.42210427891409708,0.56700696834286579
0.99286627795683413,0.092699266420923174,0.10275393395286983
0.9824006212838271,0.00031093307100093907,0.1951512751724126
0.97360226055853272,0.091329887098601584,0.2132945668692417
0.89161938906387928,0.37946374325715304,0.25341551658481076
0.89703513267872925,0.00083239865890045409,0.44541761680993885
0.23830763920428832,0.94463190043375012,0.23449947546211536
1.0373922656259175e-07,1.0005721076172711,3.6887108373936325e-05
0.8030917028627016,0.53487738625640613,0.26558700802982993
9.5796863746409764e-09,0.44584815962312629,0.89565182544117816
0.930967213751416,0.35067460474411555,0.11679624274511838
0.12055334699097152,0.76673763611345869,0.63152979655427366
0.25927313709194749,0.89247529530296799,0.37557477989782473
1.5227054948629985e-08,0.70868232631272665,0.70800179890284853
0.68337496837574618,0.2716963425081238,0.68135442158336368
0.090596263169231708,0.99695941286727774,0.00015501758369001434
0.087297962188794501,0.99175346945047427,0.098828892342900751
0.98178002118248653,0.1941881657006071,0.00011868736391502017
0.89204630636467541,0.25312026231811025,0.37920315265680637
0.23939207421211678,0.23516298371302061,0.94295820231183425
0.53775544472271952,0.27020726701451453,0.80129123303029981
0.2666164025201852,0.53305899587665972,0.80494057412777797
0.3505157196687419,0.93234451723858236,0.11680399935870843
3.0808383310344891e-05,0.99953051962614503,0.04564583219557556
0.40811663638164969,0.82212454291483572,0.40138520683936368
0.94318809227060274,0.2351597936734956,0.23731200401852184
0.71229916650838598,0.56545048243271301,0.41877986070059242
0.58392184128989588,0.81472202417529604,0.0013435182634591114
0.098403221910035088,0.10196930639246271,0.99050756120806582
0.45108377345393885,0.8955997791585103,1.3893592727790692e-05
1.0028974529704306,3.2790015076576092e-05,0.00011898636985729947
0.57010501291727234,0.70642784136383319,0.42551797187061358
0.35113641069978258,0.11494598686164309,0.93030476327125688
0.86342005143455658,0.13525007423168298,0.4919836845173432
0.71239029498587159,0.70760794162103402,1.4717725482113301e-05
0.5859833107118001,0.00040594308934748956,0.81599853785050958
0.12307150192103807,0.86360808271885936,0.49148256098842324
0.95170098795398761,0.31516373124284158,1.4689538060402143e-05
0.95011702450030444,0.0007710629045396876,0.31454605232214133
0.10738615596308683,0.97096337860805371,0.2157183885922303
0.1132005060541366,0.93181180735846902,0.34927657304715415
0.19516676063451285,0.00015699194967820862,0.98208451567907085
0.41068037898989002,0.40749147664223723,0.81886229357472007
0.00035662285691731804,0.089844870643756555,0.99627022767505413
0.97192148051253124,0.21376912951870711,0.11720164327912766
0.089900973365159217,3.0463063299443679e-05,0.99688454261226733
0.21894439965998597,0.10863590429759692,0.97171787178172719
0.11276849700007509,0.21484778215721359,0.97198243898785952
0.76705879873462379,0.12568993535049283,0.63113958715915897
0.81688173984738799,0.40799260763365214,0.41340599216347729
0.99970351870685703,0.00011999696242269054,0.092426120308074622
0.31643074663759302,0.95263057519142702,0.003006438567144032
0.93195120541256637,0.11888887166276993,0.34518101289235265
0.49346612193823697,0.863439738759613,0.12245998223731101
0.2774626844052821,0.68035955798583647,0.68137201607730524
0.45089084138814717,1.4889782322868494e-05,0.89378307293474135
0.2538136625188892,0.38058184948302526,0.8906688105677929
0.11700701450105512,0.34966247902256919,0.93042290169862008
0.80270664480548071,0.26707724905165259,0.53398094993403822
0.71010754962542932,7.9061241034189577e-05,0.70512854872402897
0.53587256678716344,0.8024165094705964,0.268401701497539
6.7491283744131804e-09,0.31411116680791257,0.95099130783321295
0.68436989369809531,0.68022955524225026,0.27393463663681145
0.129463586032186,0.63681419521455507,0.76361508713332571
0.81677569157087992,0.57916739855476218,0.00016888474274897718
0.42561736493005287,0.70901025992582145,0.56395090454692365
0.26682336066419954,0.80370963657532857,0.5336567810512296
4.4328703745968802e-06,0.58169667689848992,0.81770324116649507
0.19539732040478522,0.98223517409954497,0.0010780614875187629
4.0308477465898845e-06,0.98294122736284695,0.19549475212010764
0.12094468706177931,0.49009536110940988,0.86361082492010777
0.89599042109082283,0.44750353751806632,4.0391601838456987e-05
0.63630301821079749,0.12753388716491432,0.76257760298768074
0.99705948549767942,0.091783232922864763,0.00010074481978010878
0.63946930893096121,0.76020120905668309,0.12490979398162029
0.86320119945936435,0.49265177979460972,0.12270034851128327
0.56888481930321089,0.42555452764728119,0.70747263188763532
0.31019227486481216,3.2092530689527053e-06,0.95184446939622336
0.38180821376374241,0.89204735119796008,0.25906185315983749
0.21442741935317164,0.97249999763813133,0.11169514884781329
0.0013701285691135471,0.19047341568745924,0.98209550289626135
0.42546582274911043,0.56613992339102914,0.70861630381900376
0.57071962284586719,0.58178464866441126,0.58746691177063837
0.49306470729237178,0.12194410241697806,0.86389328564601797
0.76541664083455285,0.63381430346959344,0.12847416804168701
4.6527060240486155e-09,2.1322502115374717e-05,1.0008115996529208
0.8141611172872929,0.00065491039939163682,0.58252893307001652
2.6373353784613177e-05,0.89685516557747602,0.44720895271271155
0.39576543324956354,0.23587777936947413,0.88920191376661617
0.019865546071124014,1.0040777943844774,1.3566966085751125e-05
