0.48545157758103308,0.44843685684825912
0.29874683552211867,0.61420259932641863
0.51196629305582952,0.40927571877633734
0.17416229875002448,0.74304910233984989
0.23801238659066021,0.6574415911233451
1.170460007272512e-06,1.255305220184513
0.36372090437285209,0.53895762400539249
0.84045700970433845,0.19895122681571301
0.99941125229114269,0.11323047211816525
0.72647072797023227,0.28415939899126991
0.59640874100449148,0.33822838299371938
0.061908933843855429,0.92150527975910212
0.1192464207319292,0.8075537090881818
0.72705816206450813,0.25892800897514545
0.85012797550636265,0.19520949119613928
0.35610579431284917,0.55010578370844754
0.94016489477080423,0.14959723552038398
0.51690857431722748,0.39852449215011088
0.21658576457376999,0.6697334130028525
0.00024845835419078088,1.2100308053767277
0.10497770619574134,0.83202193910703215
0.161727235970682,0.76605056534350846
0.61995797776590478,0.32649053788057902
0.27253256310711105,0.62720630590802928
0.040424769543629294,0.96497172577322343
0.13517340138905914,0.80006109994673424
0.62254945023999531,0.32453691696201376
0.94098072232750629,0.1246885756572864
0.019832472735365009,1.0374171678154962
0.86653552074353635,0.18080122568647766
0.21124938740637744,0.71732318090158098
0.4968700085147843,0.4370622130533891
0.049980194796557076,0.96234178815758342
0.21502055808480861,0.6950493694121388
0.35590210130869943,0.55060159495902528
0.32925487389990521,0.56281736137300287
0.77349973373712511,0.24634502023281746
0.92173811269633221,0.15309437724137587
0.026729028495060758,1.0340396934794207
0.91511599603041605,0.16618345621964023
0.059445845809856623,0.95747206225645687
0.32263043891851723,0.60561165900316116
0.10318879897390865,0.87368039128209118
0.59173759393067848,0.35133629685679524
0.78670949897042841,0.24145990068871809
0.0079130079715625246,1.0960576604472867
0.59115015983640251,0.39227692089301713
0.85692818181263242,0.19329392541522433
0.003862615098902733,1.1176363205468949
0.86159323960804957,0.18981699728896906
0.00025064740254217288,1.1955234236083514
0.83889178952004961,0.21642273958887243
